GROUP,PACKAGE,CLASS,INSTRUCTION_MISSED,INSTRUCTION_COVERED,BRANCH_MISSED,BRANCH_COVERED,LINE_MISSED,LINE_COVERED,COMPLEXITY_MISSED,COMPLEXITY_COVERED,METHOD_MISSED,METHOD_COVERED
condominio-api,com.condominio.condominio_api.util,ApiResponseUtil,14,12,0,0,7,6,1,1,1,1
condominio-api,com.condominio.condominio_api.controller,TorreController,9,42,0,0,1,7,1,5,1,5
condominio-api,com.condominio.condominio_api.controller,PersonaUnidadController,24,18,0,0,4,3,3,2,3,2
condominio-api,com.condominio.condominio_api.controller,AreaComunController,45,0,0,0,7,0,5,0,5,0
condominio-api,com.condominio.condominio_api.controller,CondominioController,9,42,0,0,1,7,1,5,1,5
condominio-api,com.condominio.condominio_api.controller,RolController,45,7,0,0,8,1,5,1,5,1
condominio-api,com.condominio.condominio_api.controller,UsuarioController,60,0,0,0,11,0,7,0,7,0
condominio-api,com.condominio.condominio_api.controller,TicketController,98,0,0,0,14,0,11,0,11,0
condominio-api,com.condominio.condominio_api.controller,DashboardController,8,0,0,0,1,0,1,0,1,0
condominio-api,com.condominio.condominio_api.controller,AccesoController,46,0,0,0,7,0,5,0,5,0
condominio-api,com.condominio.condominio_api.controller,PagoController,24,18,0,0,4,3,3,2,3,2
condominio-api,com.condominio.condominio_api.controller,ReservaController,64,0,0,0,9,0,7,0,7,0
condominio-api,com.condominio.condominio_api.controller,AuthController,7,20,0,0,2,4,1,2,1,2
condominio-api,com.condominio.condominio_api.controller,PersonaController,0,42,0,0,0,7,0,5,0,5
condominio-api,com.condominio.condominio_api.controller,VisitantePreautorizadoController,45,0,0,0,7,0,5,0,5,0
condominio-api,com.condominio.condominio_api.controller,TicketComentarioController,29,0,0,0,6,0,3,0,3,0
condominio-api,com.condominio.condominio_api.controller,VisitanteController,52,0,0,0,8,0,6,0,6,0
condominio-api,com.condominio.condominio_api.controller,CuotaController,24,18,0,0,4,3,3,2,3,2
condominio-api,com.condominio.condominio_api.controller,ReciboController,56,18,0,0,10,3,5,2,5,2
condominio-api,com.condominio.condominio_api.controller,UnidadController,38,24,2,2,6,6,5,2,3,2
condominio-api,com.condominio.condominio_api.security,JwtAuthenticationEntryPoint,0,34,0,0,0,9,0,2,0,2
condominio-api,com.condominio.condominio_api.security,JwtAccessDeniedHandler,30,4,0,0,8,1,1,1,1,1
condominio-api,com.condominio.condominio_api.security,UserDetailsServiceImpl,13,99,3,3,2,20,3,7,0,7
condominio-api,com.condominio.condominio_api.security,JwtTokenProvider,19,162,3,3,5,39,3,15,0,15
condominio-api,com.condominio.condominio_api.security,CustomUserDetails,0,13,0,0,0,3,0,1,0,1
condominio-api,com.condominio.condominio_api.security,SecurityConfig,0,101,0,0,0,21,0,9,0,9
condominio-api,com.condominio.condominio_api.security,JwtAuthenticationFilter,10,100,5,9,3,26,5,5,0,3
condominio-api,com.condominio.condominio_api.mapper,TicketMapper,14,0,2,0,4,0,3,0,2,0
condominio-api,com.condominio.condominio_api.mapper,PersonaUnidadMapperImpl,224,3,32,0,68,1,26,1,10,1
condominio-api,com.condominio.condominio_api.mapper,CuotaMapperImpl,224,3,32,0,65,1,23,1,7,1
condominio-api,com.condominio.condominio_api.mapper,UsuarioMapper,14,0,2,0,4,0,3,0,2,0
condominio-api,com.condominio.condominio_api.mapper,PagoMapperImpl,185,3,26,0,55,1,21,1,8,1
condominio-api,com.condominio.condominio_api.mapper,RolMapper,16,0,2,0,4,0,3,0,2,0
condominio-api,com.condominio.condominio_api.mapper,TicketMapperImpl,295,3,40,0,86,1,34,1,14,1
condominio-api,com.condominio.condominio_api.mapper,AccesoMapperImpl,259,3,34,0,79,1,31,1,14,1
condominio-api,com.condominio.condominio_api.mapper,CondominioMapperImpl,121,3,18,0,35,1,13,1,4,1
condominio-api,com.condominio.condominio_api.mapper,TicketComentarioMapperImpl,126,3,18,0,39,1,16,1,7,1
condominio-api,com.condominio.condominio_api.mapper,HistorialTicketMapperImpl,133,3,16,0,39,1,15,1,7,1
condominio-api,com.condominio.condominio_api.mapper,UnidadMapperImpl,217,3,30,0,65,1,25,1,10,1
condominio-api,com.condominio.condominio_api.mapper,RolMapperImpl,98,25,13,1,30,7,11,2,4,2
condominio-api,com.condominio.condominio_api.mapper,VisitanteMapperImpl,105,3,16,0,31,1,12,1,4,1
condominio-api,com.condominio.condominio_api.mapper,VisitantePreautorizadoMapperImpl,190,3,26,0,60,1,25,1,12,1
condominio-api,com.condominio.condominio_api.mapper,UsuarioMapperImpl,85,3,10,0,24,1,8,1,3,1
condominio-api,com.condominio.condominio_api.mapper,ReciboMapperImpl,137,3,20,0,43,1,18,1,8,1
condominio-api,com.condominio.condominio_api.mapper,TorreMapperImpl,105,3,16,0,33,1,14,1,6,1
condominio-api,com.condominio.condominio_api.mapper,AreaComunMapperImpl,137,3,20,0,41,1,16,1,6,1
condominio-api,com.condominio.condominio_api.mapper,ReservaMapperImpl,302,3,40,0,89,1,33,1,13,1
condominio-api,com.condominio.condominio_api.mapper,PersonaMapperImpl,217,3,30,0,59,1,19,1,4,1
condominio-api,com.condominio.condominio_api.entity.enums,TipoUnidadEnum,0,27,0,0,0,2,0,1,0,1
condominio-api,com.condominio.condominio_api.service.impl,FileSystemStorageService,153,16,18,0,35,5,12,1,3,1
condominio-api,com.condominio.condominio_api.service.impl,TicketComentarioServiceImpl,134,4,2,0,24,1,7,1,6,1
condominio-api,com.condominio.condominio_api.service.impl,VisitanteServiceImpl,203,4,12,0,34,1,16,1,10,1
condominio-api,com.condominio.condominio_api.service.impl,AccesoServiceImpl,396,4,16,0,72,1,26,1,18,1
condominio-api,com.condominio.condominio_api.service.impl,PersonaUnidadServiceImpl,253,78,14,4,37,15,21,3,13,2
condominio-api,com.condominio.condominio_api.service.impl,TorreServiceImpl,56,191,3,5,6,31,7,9,4,8
condominio-api,com.condominio.condominio_api.service.impl,UnidadServiceImpl,253,167,16,12,37,28,28,4,15,3
condominio-api,com.condominio.condominio_api.service.impl,AreaComunServiceImpl,182,4,4,0,30,1,12,1,10,1
condominio-api,com.condominio.condominio_api.service.impl,CondominioServiceImpl,14,150,0,4,0,28,2,9,2,7
condominio-api,com.condominio.condominio_api.service.impl,RolServiceImpl,217,17,10,0,36,4,14,2,9,2
condominio-api,com.condominio.condominio_api.service.impl,CuotaServiceImpl,168,69,4,2,25,12,11,3,9,2
condominio-api,com.condominio.condominio_api.service.impl,PersonaServiceImpl,34,171,2,6,2,30,4,9,2,7
condominio-api,com.condominio.condominio_api.service.impl,ReciboServiceImpl,328,90,17,5,55,18,24,4,15,2
condominio-api,com.condominio.condominio_api.service.impl,ReservaServiceImpl,471,4,34,0,80,1,35,1,18,1
condominio-api,com.condominio.condominio_api.service.impl,VisitantePreautorizadoServiceImpl,208,4,8,0,34,1,14,1,10,1
condominio-api,com.condominio.condominio_api.service.impl,AuthServiceImpl,9,123,1,3,3,38,2,4,1,3
condominio-api,com.condominio.condominio_api.service.impl,TicketServiceImpl,511,170,20,6,83,42,38,4,25,4
condominio-api,com.condominio.condominio_api.service.impl,UsuarioServiceImpl,312,4,16,0,52,1,21,1,13,1
condominio-api,com.condominio.condominio_api.service.impl,DashboardServiceImpl,82,0,0,0,23,0,2,0,2,0
condominio-api,com.condominio.condominio_api.service.impl,PagoServiceImpl,278,177,22,12,49,37,25,8,11,5
condominio-api,com.condominio.condominio_api,CondominioApiApplication,5,3,0,0,2,1,1,1,1,1
condominio-api,com.condominio.condominio_api.config,OpenApiConfig,0,64,0,0,0,22,0,4,0,4
condominio-api,com.condominio.condominio_api.config,JpaConfig,0,3,0,0,0,1,0,1,0,1
condominio-api,com.condominio.condominio_api.config,CorsConfig,0,55,0,0,0,14,0,2,0,2
condominio-api,com.condominio.condominio_api.audit,AuditorAwareImpl,20,3,6,0,6,1,4,1,1,1
condominio-api,com.condominio.condominio_api.audit,BaseAuditEntity,15,0,0,0,5,0,5,0,5,0
condominio-api,com.condominio.condominio_api.audit,PostgresAuditInterceptor,12,48,5,5,6,13,5,3,0,3
condominio-api,com.condominio.condominio_api.entity,AreaComun,31,0,8,0,4,0,6,0,2,0
condominio-api,com.condominio.condominio_api.entity,Reserva,31,0,8,0,4,0,6,0,2,0
condominio-api,com.condominio.condominio_api.entity,Usuario.EstadoUsuario,0,21,0,0,0,1,0,1,0,1
condominio-api,com.condominio.condominio_api.entity,Acceso,31,0,8,0,4,0,6,0,2,0
condominio-api,com.condominio.condominio_api.entity,EstadoReserva,31,0,8,0,4,0,6,0,2,0
condominio-api,com.condominio.condominio_api.entity,Cuota.TipoCuota,0,21,0,0,0,1,0,1,0,1
condominio-api,com.condominio.condominio_api.entity,UsuarioRol,54,0,8,0,10,0,7,0,3,0
condominio-api,com.condominio.condominio_api.entity,RolPermiso,54,0,8,0,10,0,7,0,3,0
condominio-api,com.condominio.condominio_api.entity,Recibo,31,0,8,0,4,0,6,0,2,0
condominio-api,com.condominio.condominio_api.entity,Ticket.PrioridadTicket,0,27,0,0,0,1,0,1,0,1
condominio-api,com.condominio.condominio_api.entity,Unidad,31,0,8,0,4,0,6,0,2,0
condominio-api,com.condominio.condominio_api.entity,Pago,31,0,8,0,4,0,6,0,2,0
condominio-api,com.condominio.condominio_api.entity,Cuota.EstadoCuota,0,27,0,0,0,1,0,1,0,1
condominio-api,com.condominio.condominio_api.entity,TicketComentario,31,0,8,0,4,0,6,0,2,0
condominio-api,com.condominio.condominio_api.entity,Archivo,31,0,8,0,4,0,6,0,2,0
condominio-api,com.condominio.condominio_api.entity,PersonaUnidad,31,0,8,0,4,0,6,0,2,0
condominio-api,com.condominio.condominio_api.entity,PersonaUnidad.EstadoPersonaUnidad,0,21,0,0,0,1,0,1,0,1
condominio-api,com.condominio.condominio_api.entity,Rol,31,0,8,0,4,0,6,0,2,0
condominio-api,com.condominio.condominio_api.entity,UsuarioRol.UsuarioRolId,53,0,8,0,9,0,7,0,3,0
condominio-api,com.condominio.condominio_api.entity,Categoria,31,0,8,0,4,0,6,0,2,0
condominio-api,com.condominio.condominio_api.entity,EstadoPago,31,0,8,0,4,0,6,0,2,0
condominio-api,com.condominio.condominio_api.entity,Persona.TipoIdentificacion,0,27,0,0,0,1,0,1,0,1
condominio-api,com.condominio.condominio_api.entity,Ticket,31,0,8,0,4,0,6,0,2,0
condominio-api,com.condominio.condominio_api.entity,Condominio,31,0,8,0,4,0,6,0,2,0
condominio-api,com.condominio.condominio_api.entity,VisitantePreautorizado,31,0,8,0,4,0,6,0,2,0
condominio-api,com.condominio.condominio_api.entity,Torre,31,0,8,0,4,0,6,0,2,0
condominio-api,com.condominio.condominio_api.entity,RolPermiso.RolPermisoId,53,0,8,0,9,0,7,0,3,0
condominio-api,com.condominio.condominio_api.entity,EstadoTicket,31,0,8,0,4,0,6,0,2,0
condominio-api,com.condominio.condominio_api.entity,Cuota,31,0,8,0,4,0,6,0,2,0
condominio-api,com.condominio.condominio_api.entity,Permiso,31,0,8,0,4,0,6,0,2,0
condominio-api,com.condominio.condominio_api.entity,PersonaUnidad.TipoPersonaUnidad,0,27,0,0,0,1,0,1,0,1
condominio-api,com.condominio.condominio_api.entity,Usuario,49,0,8,0,10,0,8,0,4,0
condominio-api,com.condominio.condominio_api.entity,Persona.EstadoPersona,0,15,0,0,0,1,0,1,0,1
condominio-api,com.condominio.condominio_api.entity,Visitante,31,0,8,0,4,0,6,0,2,0
condominio-api,com.condominio.condominio_api.entity,HistorialTicket,31,0,8,0,4,0,6,0,2,0
condominio-api,com.condominio.condominio_api.entity,EstadoUnidad,31,0,8,0,4,0,6,0,2,0
condominio-api,com.condominio.condominio_api.entity,Persona,31,0,8,0,4,0,6,0,2,0
condominio-api,com.condominio.condominio_api.entity,EstadoAcceso,31,0,8,0,4,0,6,0,2,0
condominio-api,com.condominio.condominio_api.event.listener,NotificationEventListener,61,4,4,0,16,1,7,1,4,1
condominio-api,com.condominio.condominio_api.event,TicketEvent.EventType,0,27,0,0,0,5,0,1,0,1
condominio-api,com.condominio.condominio_api.event,TicketEvent,0,13,0,0,0,5,0,1,0,1
condominio-api,com.condominio.condominio_api.dto.response,ApiResponse,19,50,0,0,8,27,3,4,3,4
condominio-api,com.condominio.condominio_api.exception,GlobalExceptionHandler,130,70,3,1,31,21,10,5,8,5
condominio-api,com.condominio.condominio_api.exception,ResourceNotFoundException,4,19,0,0,2,2,1,1,1,1
condominio-api,com.condominio.condominio_api.exception,ResourceAlreadyExistsException,4,19,0,0,2,2,1,1,1,1
condominio-api,com.condominio.condominio_api.exception,BusinessException,5,4,0,0,2,2,1,1,1,1
